id,codigo,section,bloque,area_id,exclusivo_rol_id,texto,tipo,opciones,locale,peso,escala,scoring,created_at
1,M1,Metadatos,Perfil,1,,País de residencia,Dropdown,"[""Argentina"",""Bolivia"",""Chile"",""Colombia"",""Costa Rica"",""Cuba"",""Ecuador"",""El Salvador"",""España"",""Guinea Ecuatorial"",""Guatemala"",""Honduras"",""México"",""Nicaragua"",""Panamá"",""Paraguay"",""Perú"",""Puerto Rico"",""República Dominicana"",""Uruguay"",""Venezuela""]",MX/LATAM,0,,,2025-08-23 01:29:48.905417+00
2,M2,Metadatos,Perfil,1,,Área profesional a la que perteneces (elige una),Dropdown,"[""CEO/Alta Dirección"",""Tecnología/Desarrollo de Software"",""Marketing y Comunicación"",""Salud/Medicina"",""Derecho/Sector Legal"",""Finanzas/Contabilidad"",""Administración Pública/Gobierno"",""Academia/Investigación"",""Educación/Docentes"",""Diseño/Industrias Creativas""]",MX/LATAM,0,,,2025-08-23 01:29:48.905417+00
3,M3,Metadatos,Perfil,1,,Tamaño de la organización,Multiple Choice (una respuesta),"[""A) Micro (1–10)"",""B) Pequeña (11–50)"",""C) Mediana (51–250)"",""D) Grande (251+)""]",MX/LATAM,0,,,2025-08-23 01:29:48.905417+00
4,M4,Metadatos,Perfil,1,,Sector/Industria principal,Multiple Choice (una respuesta),"[""A) Manufactura/Logística/Agro"",""B) Retail/Consumo"",""C) Servicios financieros/Fintech/Seguros"",""D) Salud/Educación/Gobierno"",""E) TIC/Software/Medios/Creativas/Otros""]",MX/LATAM,0,,,2025-08-23 01:29:48.905417+00
5,M5,Metadatos,Perfil,1,,Año de inicio de iniciativas con Gen-AI (aprox.),Short Answer,,MX/LATAM,0,,,2025-08-23 01:29:48.905417+00
6,M6,Metadatos,Perfil,1,,Rol específico dentro del área (texto libre),Short Answer,,MX/LATAM,0,,,2025-08-23 01:29:48.905417+00
7,A1,Cuestionario,Adopción,2,1,"¿Con qué frecuencia impulsa iniciativas de Gen-AI con presupuesto y OKRs explícitos (p. ej., automatización de back-office, copilots comerciales, analytics aumentada)?",Multiple Choice (escala Likert A–E),"[""A) Nunca"",""B) Rara vez (≤ 1/mes)"",""C) Ocasional (2–3/mes)"",""D) Frecuente (semanal)"",""E) Muy frecuente (diaria)""]",MX/LATAM,8.333333,"{""A"":0,""B"":25,""C"":50,""D"":75,""E"":100}","{""A"":0,""B"":25,""C"":50,""D"":75,""E"":100}",2025-08-23 01:30:45.230587+00
8,A2,Cuestionario,Adopción,2,1,"¿Con qué frecuencia revisa y decide sobre el portafolio de casos de uso de Gen-AI (priorización por valor/viabilidad, stage-gate)?",Multiple Choice (escala Likert A–E),"[""A) Nunca"",""B) Rara vez (≤ 1/mes)"",""C) Ocasional (2–3/mes)"",""D) Frecuente (semanal)"",""E) Muy frecuente (diaria)""]",MX/LATAM,8.333333,"{""A"":0,""B"":25,""C"":50,""D"":75,""E"":100}","{""A"":0,""B"":25,""C"":50,""D"":75,""E"":100}",2025-08-23 01:30:45.230587+00
9,A3,Cuestionario,Adopción,2,1,"¿Con qué frecuencia consulta métricas de valor (ahorros, ingresos, time-to-market, NPS interno) con línea base y responsables?",Multiple Choice (escala Likert A–E),"[""A) Nunca"",""B) Rara vez (≤ 1/mes)"",""C) Ocasional (2–3/mes)"",""D) Frecuente (semanal)"",""E) Muy frecuente (diaria)""]",MX/LATAM,8.333333,"{""A"":0,""B"":25,""C"":50,""D"":75,""E"":100}","{""A"":0,""B"":25,""C"":50,""D"":75,""E"":100}",2025-08-23 01:30:45.230587+00
10,A4,Cuestionario,Adopción,2,1,"¿Con qué frecuencia participa en la gobernanza: políticas de uso, guardrails, comité de IA, evaluación de alto riesgo (salud, financiero, contratación, servicios públicos)?",Multiple Choice (escala Likert A–E),"[""A) Nunca"",""B) Rara vez (≤ 1/mes)"",""C) Ocasional (2–3/mes)"",""D) Frecuente (semanal)"",""E) Muy frecuente (diaria)""]",MX/LATAM,8.333333,"{""A"":0,""B"":25,""C"":50,""D"":75,""E"":100}","{""A"":0,""B"":25,""C"":50,""D"":75,""E"":100}",2025-08-23 01:30:45.230587+00
11,A5,Cuestionario,Adopción,2,1,"¿Con qué frecuencia aprueba o supervisa controles de datos y cumplimiento locales (p. ej., INAI/AAIP/SIC) y transferencias transfronterizas?",Multiple Choice (escala Likert A–E),"[""A) Nunca"",""B) Rara vez (≤ 1/mes)"",""C) Ocasional (2–3/mes)"",""D) Frecuente (semanal)"",""E) Muy frecuente (diaria)""]",MX/LATAM,8.333333,"{""A"":0,""B"":25,""C"":50,""D"":75,""E"":100}","{""A"":0,""B"":25,""C"":50,""D"":75,""E"":100}",2025-08-23 01:30:45.230587+00
12,A6,Cuestionario,Adopción,2,1,"¿Con qué frecuencia financia/monitorea programas de upskilling (prompt-engineering, seguridad, ética) para liderazgo y áreas de negocio?",Multiple Choice (escala Likert A–E),"[""A) Nunca"",""B) Rara vez (≤ 1/mes)"",""C) Ocasional (2–3/mes)"",""D) Frecuente (semanal)"",""E) Muy frecuente (diaria)""]",MX/LATAM,8.333333,"{""A"":0,""B"":25,""C"":50,""D"":75,""E"":100}","{""A"":0,""B"":25,""C"":50,""D"":75,""E"":100}",2025-08-23 01:30:45.230587+00
13,C1,Cuestionario,Conocimiento,2,1,¿Cuál es un KPI estratégico adecuado para Gen-AI a nivel CEO?,Multiple Choice (una respuesta),"[""A) \""Número de prompts enviados\"""",""B) Valor capturado contra línea base (ahorro/ingreso/tiempo)"",""C) Likes en redes"",""D) Cantidad de proveedores""]",MX/LATAM,8.333333,,"{""Correcta"":100,""Incorrecta"":0}",2025-08-23 01:32:56.027824+00
14,C2,Cuestionario,Conocimiento,2,1,¿Qué práctica valida mejor el ROI en LATAM con presupuestos acotados?,Multiple Choice (una respuesta),"[""A) Comprar primero licencias masivas"",""B) Pilotos con control A/B y línea base operacional"",""C) Esperar a que la competencia publique su ROI"",""D) Usar solo encuestas de percepción""]",MX/LATAM,8.333333,,"{""Correcta"":100,""Incorrecta"":0}",2025-08-23 01:32:56.027824+00
15,C3,Cuestionario,Conocimiento,2,1,"Para casos de alto riesgo (crédito, salud, empleo), ¿qué es indispensable?",Multiple Choice (una respuesta),"[""A) Delegar todo a IA"",""B) Supervisión humana, documentación del caso y evaluación de impacto/explicabilidad"",""C) Ocultar el uso de IA"",""D) Solo NDAs con proveedores""]",MX/LATAM,8.333333,,"{""Correcta"":100,""Incorrecta"":0}",2025-08-23 01:32:56.027824+00
16,C4,Cuestionario,Conocimiento,2,1,"En México y región, ¿qué principio debe regir el uso de datos en Gen-AI?",Multiple Choice (una respuesta),"[""A) Subir PII a cualquier servicio"",""B) Minimización, bases legales claras y salvaguardas en transferencias"",""C) Recolección indiscriminada"",""D) Reutilizar expedientes sin informar""]",MX/LATAM,8.333333,,"{""Correcta"":100,""Incorrecta"":0}",2025-08-23 01:32:56.027824+00
17,C5,Cuestionario,Conocimiento,2,1,¿Qué enfoque maduro de entrenamiento ejecutivo adopta mejores prácticas?,Multiple Choice (una respuesta),"[""A) Taller único"",""B) Ruta continua: fundamentos + prompt-ops + riesgos + métricas, con casos locales del sector"",""C) Solo comprar cursos genéricos"",""D) Aprendizaje informal""]",MX/LATAM,8.333333,,"{""Correcta"":100,""Incorrecta"":0}",2025-08-23 01:32:56.027824+00
18,C6,Cuestionario,Conocimiento,2,1,Cláusula crítica al contratar Gen-AI en LATAM,Multiple Choice (una respuesta),"[""A) Look & feel"",""B) Propiedad/uso de outputs, seguridad, ubicación/transferencia de datos y SLAs de calidad/soporte"",""C) Color del dashboard"",""D) Pago en especie""]",MX/LATAM,8.333333,,"{""Correcta"":100,""Incorrecta"":0}",2025-08-23 01:32:56.027824+00
19,A1,Cuestionario,Adopción,3,2,¿Con qué frecuencia utiliza asistentes de código para generar/explicar funciones?,Multiple Choice (escala Likert A–E),"[""A) Nunca"",""B) Rara vez (≤ 1/mes)"",""C) Ocasional (2–3/mes)"",""D) Frecuente (semanal)"",""E) Muy frecuente (diaria)""]",MX/LATAM,8.333333,"{""A"":0,""B"":25,""C"":50,""D"":75,""E"":100}","{""A"":0,""B"":25,""C"":50,""D"":75,""E"":100}",2025-08-23 01:46:31.086623+00
20,A2,Cuestionario,Adopción,3,2,"¿Con qué frecuencia usa Gen-AI para documentación técnica, refactoring y/o generación de pruebas (unitarias/integración)?",Multiple Choice (escala Likert A–E),"[""A) Nunca"",""B) Rara vez (≤ 1/mes)"",""C) Ocasional (2–3/mes)"",""D) Frecuente (semanal)"",""E) Muy frecuente (diaria)""]",MX/LATAM,8.333333,"{""A"":0,""B"":25,""C"":50,""D"":75,""E"":100}","{""A"":0,""B"":25,""C"":50,""D"":75,""E"":100}",2025-08-23 01:46:31.086623+00
21,A3,Cuestionario,Adopción,3,2,"¿Con qué frecuencia emplea Gen-AI en code reviews/PRs (resúmenes, linting guiado, explicación de cambios, commit messages)?",Multiple Choice (escala Likert A–E),"[""A) Nunca"",""B) Rara vez (≤ 1/mes)"",""C) Ocasional (2–3/mes)"",""D) Frecuente (semanal)"",""E) Muy frecuente (diaria)""]",MX/LATAM,8.333333,"{""A"":0,""B"":25,""C"":50,""D"":75,""E"":100}","{""A"":0,""B"":25,""C"":50,""D"":75,""E"":100}",2025-08-23 01:46:31.086623+00
22,A4,Cuestionario,Adopción,3,2,"¿Con qué frecuencia integra capacidades LLM en productos o herramientas internas (RAG, embeddings, chatops, agentes, búsqueda semántica)?",Multiple Choice (escala Likert A–E),"[""A) Nunca"",""B) Rara vez (≤ 1/mes)"",""C) Ocasional (2–3/mes)"",""D) Frecuente (semanal)"",""E) Muy frecuente (diaria)""]",MX/LATAM,8.333333,"{""A"":0,""B"":25,""C"":50,""D"":75,""E"":100}","{""A"":0,""B"":25,""C"":50,""D"":75,""E"":100}",2025-08-23 01:46:31.086623+00
23,A5,Cuestionario,Adopción,3,2,"¿Con qué frecuencia aplica guardrails y controles de seguridad/privacidad (redacción de secretos, PII, rate-limits, content filters, aislamiento de entornos)?",Multiple Choice (escala Likert A–E),"[""A) Nunca"",""B) Rara vez (≤ 1/mes)"",""C) Ocasional (2–3/mes)"",""D) Frecuente (semanal)"",""E) Muy frecuente (diaria)""]",MX/LATAM,8.333333,"{""A"":0,""B"":25,""C"":50,""D"":75,""E"":100}","{""A"":0,""B"":25,""C"":50,""D"":75,""E"":100}",2025-08-23 01:46:31.086623+00
24,A6,Cuestionario,Adopción,3,2,"¿Con qué frecuencia mide valor y calidad de Gen-AI (A/B interno, aceptación, defectos/MTTR, productividad de PRs)?",Multiple Choice (escala Likert A–E),"[""A) Nunca"",""B) Rara vez (≤ 1/mes)"",""C) Ocasional (2–3/mes)"",""D) Frecuente (semanal)"",""E) Muy frecuente (diaria)""]",MX/LATAM,8.333333,"{""A"":0,""B"":25,""C"":50,""D"":75,""E"":100}","{""A"":0,""B"":25,""C"":50,""D"":75,""E"":100}",2025-08-23 01:46:31.086623+00
25,C1,Cuestionario,Conocimiento,3,2,¿Qué es la ventana de contexto en un LLM?,Multiple Choice (una respuesta),"[""A) Núcleos de CPU"",""B) Memoria a largo plazo del usuario"",""C) Cantidad de tokens que el modelo puede procesar por turno"",""D) Caché de disco""]",MX/LATAM,8.333333,,"{""Correcta"":100,""Incorrecta"":0}",2025-08-23 01:46:31.086623+00
26,C2,Cuestionario,Conocimiento,3,2,¿Qué controla principalmente la temperatura en un LLM?,Multiple Choice (una respuesta),"[""A) Latencia"",""B) Aleatoriedad/diversidad de las salidas"",""C) Límite de tokens"",""D) Uso de GPU""]",MX/LATAM,8.333333,,"{""Correcta"":100,""Incorrecta"":0}",2025-08-23 01:46:31.086623+00
27,C3,Cuestionario,Conocimiento,3,2,"Buena práctica para reducir ""alucinaciones"" en código sugerido por Gen-AI",Multiple Choice (una respuesta),"[""A) Aceptar todo y mergear"",""B) Revisión humana + pruebas automatizadas + linters y static analysis"",""C) Aumentar la temperatura"",""D) Cambiar de IDE""]",MX/LATAM,8.333333,,"{""Correcta"":100,""Incorrecta"":0}",2025-08-23 01:46:31.086623+00
28,C4,Cuestionario,Conocimiento,3,2,"En integración LLM+RAG con fuentes externas, práctica más segura",Multiple Choice (una respuesta),"[""A) Ejecutar comandos del modelo sin validación"",""B) Tratar al modelo como no confiable, sanitizar entradas/salidas, bloquear funciones peligrosas y validar orígenes"",""C) Dar acceso root al conector"",""D) Desactivar logging""]",MX/LATAM,8.333333,,"{""Correcta"":100,""Incorrecta"":0}",2025-08-23 01:46:31.086623+00
29,C5,Cuestionario,Conocimiento,3,2,Métrica que mide mejor el impacto del asistente de código,Multiple Choice (una respuesta),"[""A) Nº de prompts"",""B) A/B: aceptación útil, defectos, retrabajo, lead time y MTTR vs. baseline"",""C) Colores del editor"",""D) Nº de ramas""]",MX/LATAM,8.333333,,"{""Correcta"":100,""Incorrecta"":0}",2025-08-23 01:46:31.086623+00
30,C6,Cuestionario,Conocimiento,3,2,Uso de repos internos con Gen-AI en LATAM – práctica adecuada,Multiple Choice (una respuesta),"[""A) Subir PII/secrets a servicios públicos"",""B) Minimizar/anonimizar datos, escanear secretos y usar entornos privados o on-prem cuando aplique"",""C) Compartir código de clientes sin permiso"",""D) Deshabilitar controles de acceso""]",MX/LATAM,8.333333,,"{""Correcta"":100,""Incorrecta"":0}",2025-08-23 01:46:31.086623+00
31,A1,Cuestionario,Adopción,4,3,"¿Con qué frecuencia usa Gen-AI para ideación y copy (posts, emails, ads, guiones) con guías de tono de marca?",Multiple Choice (escala Likert A–E),"[""A) Nunca"",""B) Rara vez (≤ 1/mes)"",""C) Ocasional (2–3/mes)"",""D) Frecuente (semanal)"",""E) Muy frecuente (diaria)""]",MX/LATAM,8.333333,"{""A"":0,""B"":25,""C"":50,""D"":75,""E"":100}","{""A"":0,""B"":25,""C"":50,""D"":75,""E"":100}",2025-08-23 01:46:31.086623+00
32,A2,Cuestionario,Adopción,4,3,¿Con qué frecuencia genera activos creativos (imágenes/video/carruseles) o variaciones para A/B con Gen-AI?,Multiple Choice (escala Likert A–E),"[""A) Nunca"",""B) Rara vez (≤ 1/mes)"",""C) Ocasional (2–3/mes)"",""D) Frecuente (semanal)"",""E) Muy frecuente (diaria)""]",MX/LATAM,8.333333,"{""A"":0,""B"":25,""C"":50,""D"":75,""E"":100}","{""A"":0,""B"":25,""C"":50,""D"":75,""E"":100}",2025-08-23 01:46:31.086623+00
33,A3,Cuestionario,Adopción,4,3,"¿Con qué frecuencia aplica Gen-AI para localización/transcreación al español regional (MX, AR, CO, CL, etc.)?",Multiple Choice (escala Likert A–E),"[""A) Nunca"",""B) Rara vez (≤ 1/mes)"",""C) Ocasional (2–3/mes)"",""D) Frecuente (semanal)"",""E) Muy frecuente (diaria)""]",MX/LATAM,8.333333,"{""A"":0,""B"":25,""C"":50,""D"":75,""E"":100}","{""A"":0,""B"":25,""C"":50,""D"":75,""E"":100}",2025-08-23 01:46:31.086623+00
34,A4,Cuestionario,Adopción,4,3,"¿Con qué frecuencia usa Gen-AI para social listening/insights (resúmenes de sentimiento, temas emergentes)?",Multiple Choice (escala Likert A–E),"[""A) Nunca"",""B) Rara vez (≤ 1/mes)"",""C) Ocasional (2–3/mes)"",""D) Frecuente (semanal)"",""E) Muy frecuente (diaria)""]",MX/LATAM,8.333333,"{""A"":0,""B"":25,""C"":50,""D"":75,""E"":100}","{""A"":0,""B"":25,""C"":50,""D"":75,""E"":100}",2025-08-23 01:46:31.086623+00
35,A5,Cuestionario,Adopción,4,3,"¿Con qué frecuencia emplea Gen-AI para personalización (segmentos, mensajes dinámicos) con datos minimizados?",Multiple Choice (escala Likert A–E),"[""A) Nunca"",""B) Rara vez (≤ 1/mes)"",""C) Ocasional (2–3/mes)"",""D) Frecuente (semanal)"",""E) Muy frecuente (diaria)""]",MX/LATAM,8.333333,"{""A"":0,""B"":25,""C"":50,""D"":75,""E"":100}","{""A"":0,""B"":25,""C"":50,""D"":75,""E"":100}",2025-08-23 01:46:31.086623+00
36,A6,Cuestionario,Adopción,4,3,"¿Con qué frecuencia integra Gen-AI en medición de performance (resúmenes de campañas, hipótesis, lift y CAC/LTV)?",Multiple Choice (escala Likert A–E),"[""A) Nunca"",""B) Rara vez (≤ 1/mes)"",""C) Ocasional (2–3/mes)"",""D) Frecuente (semanal)"",""E) Muy frecuente (diaria)""]",MX/LATAM,8.333333,"{""A"":0,""B"":25,""C"":50,""D"":75,""E"":100}","{""A"":0,""B"":25,""C"":50,""D"":75,""E"":100}",2025-08-23 01:46:31.086623+00
37,C1,Cuestionario,Conocimiento,4,3,Práctica que mejora la coherencia del tono de marca,Multiple Choice (una respuesta),"[""A) Prompt genérico"",""B) Prompt con guía de marca (do/don't), ejemplos y style sheet"",""C) Aumentar temperatura"",""D) Traducir literal""]",MX/LATAM,8.333333,,"{""Correcta"":100,""Incorrecta"":0}",2025-08-23 01:46:31.086623+00
38,C2,Cuestionario,Conocimiento,4,3,"Para creatividades generadas por IA, aspecto crítico",Multiple Choice (una respuesta),"[""A) Todo es libre por defecto"",""B) Revisar términos de uso/licencias y derechos sobre outputs para uso comercial"",""C) Solo cambiar colores"",""D) No registrar evidencia""]",MX/LATAM,8.333333,,"{""Correcta"":100,""Incorrecta"":0}",2025-08-23 01:46:31.086623+00
39,C3,Cuestionario,Conocimiento,4,3,Personalización con Gen-AI en LATAM – enfoque adecuado,Multiple Choice (una respuesta),"[""A) Subir PII sin aviso"",""B) Minimización, base legal/consentimiento y controles de transferencia internacional"",""C) Usar listas compradas sin revisión"",""D) Reutilizar CRM sin opción de baja""]",MX/LATAM,8.333333,,"{""Correcta"":100,""Incorrecta"":0}",2025-08-23 01:46:31.086623+00
40,C4,Cuestionario,Conocimiento,4,3,Qué evalúa mejor el impacto en performance,Multiple Choice (una respuesta),"[""A) Nº de prompts"",""B) Experimentos A/B y uplift vs. baseline (CTR, CVR, CAC, LTV)"",""C) Likes"",""D) Tamaño del budget""]",MX/LATAM,8.333333,,"{""Correcta"":100,""Incorrecta"":0}",2025-08-23 01:46:31.086623+00
41,C5,Cuestionario,Conocimiento,4,3,Cómo reducir alucinaciones y riesgos reputacionales,Multiple Choice (una respuesta),"[""A) Publicar sin revisar"",""B) Human-in-the-loop, fact-checking, listas de exclusión y QA de claims"",""C) Bajar costo de media"",""D) Más emojis""]",MX/LATAM,8.333333,,"{""Correcta"":100,""Incorrecta"":0}",2025-08-23 01:46:31.086623+00
42,C6,Cuestionario,Conocimiento,4,3,Uso de IA en piezas públicas – recomendable,Multiple Choice (una respuesta),"[""A) Ocultarlo"",""B) Señalización/etiquetado cuando aplique y evitar deepfakes engañosos sin consentimiento"",""C) Firmar como humano"",""D) Usar testimonios inventados""]",MX/LATAM,8.333333,,"{""Correcta"":100,""Incorrecta"":0}",2025-08-23 01:46:31.086623+00
43,A1,Cuestionario,Adopción,5,4,¿Con qué frecuencia usa Gen-AI para resumir evidencia clínica/guías y preparar briefs médicos?,Multiple Choice (escala Likert A–E),"[""A) Nunca"",""B) Rara vez (≤ 1/mes)"",""C) Ocasional (2–3/mes)"",""D) Frecuente (semanal)"",""E) Muy frecuente (diaria)""]",MX/LATAM,8.333333,"{""A"":0,""B"":25,""C"":50,""D"":75,""E"":100}","{""A"":0,""B"":25,""C"":50,""D"":75,""E"":100}",2025-08-23 01:46:31.086623+00
44,A2,Cuestionario,Adopción,5,4,¿Con qué frecuencia usa Gen-AI para redactar/estructurar notas clínicas o informes (con revisión humana)?,Multiple Choice (escala Likert A–E),"[""A) Nunca"",""B) Rara vez (≤ 1/mes)"",""C) Ocasional (2–3/mes)"",""D) Frecuente (semanal)"",""E) Muy frecuente (diaria)""]",MX/LATAM,8.333333,"{""A"":0,""B"":25,""C"":50,""D"":75,""E"":100}","{""A"":0,""B"":25,""C"":50,""D"":75,""E"":100}",2025-08-23 01:46:31.086623+00
45,A3,Cuestionario,Adopción,5,4,"¿Con qué frecuencia genera materiales de educación al paciente (folletos, FAQ, indicaciones de alta) con Gen-AI?",Multiple Choice (escala Likert A–E),"[""A) Nunca"",""B) Rara vez (≤ 1/mes)"",""C) Ocasional (2–3/mes)"",""D) Frecuente (semanal)"",""E) Muy frecuente (diaria)""]",MX/LATAM,8.333333,"{""A"":0,""B"":25,""C"":50,""D"":75,""E"":100}","{""A"":0,""B"":25,""C"":50,""D"":75,""E"":100}",2025-08-23 01:46:31.086623+00
46,A4,Cuestionario,Adopción,5,4,"¿Con qué frecuencia utiliza Gen-AI en administración clínica (codificación diagnóstica/procedimientos, pre-facturación, autorizaciones) con validación humana?",Multiple Choice (escala Likert A–E),"[""A) Nunca"",""B) Rara vez (≤ 1/mes)"",""C) Ocasional (2–3/mes)"",""D) Frecuente (semanal)"",""E) Muy frecuente (diaria)""]",MX/LATAM,8.333333,"{""A"":0,""B"":25,""C"":50,""D"":75,""E"":100}","{""A"":0,""B"":25,""C"":50,""D"":75,""E"":100}",2025-08-23 01:46:31.086623+00
47,A5,Cuestionario,Adopción,5,4,"¿Con qué frecuencia emplea Gen-AI como apoyo no diagnóstico (triage informativo, resúmenes de expediente, recordatorios), evitando decisiones clínicas automatizadas?",Multiple Choice (escala Likert A–E),"[""A) Nunca"",""B) Rara vez (≤ 1/mes)"",""C) Ocasional (2–3/mes)"",""D) Frecuente (semanal)"",""E) Muy frecuente (diaria)""]",MX/LATAM,8.333333,"{""A"":0,""B"":25,""C"":50,""D"":75,""E"":100}","{""A"":0,""B"":25,""C"":50,""D"":75,""E"":100}",2025-08-23 01:46:31.086623+00
48,A6,Cuestionario,Adopción,5,4,"¿Con qué frecuencia aplica controles de privacidad/seguridad (anonimización/pseudonimización, no subir PHI a servicios públicos, entornos aprobados)?",Multiple Choice (escala Likert A–E),"[""A) Nunca"",""B) Rara vez (≤ 1/mes)"",""C) Ocasional (2–3/mes)"",""D) Frecuente (semanal)"",""E) Muy frecuente (diaria)""]",MX/LATAM,8.333333,"{""A"":0,""B"":25,""C"":50,""D"":75,""E"":100}","{""A"":0,""B"":25,""C"":50,""D"":75,""E"":100}",2025-08-23 01:46:31.086623+00
49,C1,Cuestionario,Conocimiento,5,4,"Para casos de alto riesgo (diagnóstico/prescripción) en LATAM, lo correcto es…",Multiple Choice (una respuesta),"[""A) Delegar en la IA"",""B) Exigir supervisión humana, validación clínica y no usar Gen-AI diagnóstica sin aprobación/validación"",""C) Usar cualquier app pública"",""D) Omitir documentación""]",MX/LATAM,8.333333,,"{""Correcta"":100,""Incorrecta"":0}",2025-08-23 01:46:31.086623+00
50,C2,Cuestionario,Conocimiento,5,4,Práctica adecuada con datos de salud (PHI),Multiple Choice (una respuesta),"[""A) Subir PHI a servicios públicos"",""B) Minimizar y anonimizar; usar entornos aprobados y acuerdos de tratamiento de datos"",""C) Compartir por mensajería personal"",""D) Guardar logs con PII sin control""]",MX/LATAM,8.333333,,"{""Correcta"":100,""Incorrecta"":0}",2025-08-23 01:46:31.086623+00
51,C3,Cuestionario,Conocimiento,5,4,Para evitar recomendaciones desactualizadas,Multiple Choice (una respuesta),"[""A) Confiar en el output"",""B) Verificar contra guías vigentes y fuentes primarias con fecha/citas"",""C) Subir más prompts"",""D) Traducir y publicar""]",MX/LATAM,8.333333,,"{""Correcta"":100,""Incorrecta"":0}",2025-08-23 01:46:31.086623+00
52,C4,Cuestionario,Conocimiento,5,4,Riesgo típico en resúmenes científicos generados,Multiple Choice (una respuesta),"[""A) Referencias fabricadas o mal citadas; requiere verificación bibliográfica"",""B) Falta de Wi-Fi"",""C) Tipografía"",""D) Formato de archivo""]",MX/LATAM,8.333333,,"{""Correcta"":100,""Incorrecta"":0}",2025-08-23 01:46:31.086623+00
53,C5,Cuestionario,Conocimiento,5,4,Medida de gobernanza clínica recomendada,Multiple Choice (una respuesta),"[""A) No registrar nada"",""B) Comité de IA/ética, registro de prompts/outputs, auditorías y criterios de liberación"",""C) Dejarlo a marketing"",""D) Solo cambiar contraseña""]",MX/LATAM,8.333333,,"{""Correcta"":100,""Incorrecta"":0}",2025-08-23 01:46:31.086623+00
54,C6,Cuestionario,Conocimiento,5,4,"Para poblaciones locales, ¿qué asegura validez?",Multiple Choice (una respuesta),"[""A) Extrapolar de cualquier estudio"",""B) Evaluar desempeño en población/idioma local y documentar límites"",""C) Aumentar temperatura"",""D) Publicar sin revisión""]",MX/LATAM,8.333333,,"{""Correcta"":100,""Incorrecta"":0}",2025-08-23 01:46:31.086623+00
55,A1,Cuestionario,Adopción,6,5,"¿Con qué frecuencia usa Gen-AI para borradores (contratos, demandas/contestaciones, briefs) con revisión humana?",Multiple Choice (escala Likert A–E),"[""A) Nunca"",""B) Rara vez (≤ 1/mes)"",""C) Ocasional (2–3/mes)"",""D) Frecuente (semanal)"",""E) Muy frecuente (diaria)""]",MX/LATAM,8.333333,"{""A"":0,""B"":25,""C"":50,""D"":75,""E"":100}","{""A"":0,""B"":25,""C"":50,""D"":75,""E"":100}",2025-08-23 01:46:31.086623+00
56,A2,Cuestionario,Adopción,6,5,¿Con qué frecuencia usa Gen-AI para síntesis de jurisprudencia/doctrina y extracción de criterios relevantes?,Multiple Choice (escala Likert A–E),"[""A) Nunca"",""B) Rara vez (≤ 1/mes)"",""C) Ocasional (2–3/mes)"",""D) Frecuente (semanal)"",""E) Muy frecuente (diaria)""]",MX/LATAM,8.333333,"{""A"":0,""B"":25,""C"":50,""D"":75,""E"":100}","{""A"":0,""B"":25,""C"":50,""D"":75,""E"":100}",2025-08-23 01:46:31.086623+00
57,A3,Cuestionario,Adopción,6,5,"¿Con qué frecuencia emplea Gen-AI para comunicaciones con clientes/áreas internas (memos, Q&A, minutas)?",Multiple Choice (escala Likert A–E),"[""A) Nunca"",""B) Rara vez (≤ 1/mes)"",""C) Ocasional (2–3/mes)"",""D) Frecuente (semanal)"",""E) Muy frecuente (diaria)""]",MX/LATAM,8.333333,"{""A"":0,""B"":25,""C"":50,""D"":75,""E"":100}","{""A"":0,""B"":25,""C"":50,""D"":75,""E"":100}",2025-08-23 01:46:31.086623+00
58,A4,Cuestionario,Adopción,6,5,"¿Con qué frecuencia usa Gen-AI en revisión documental/e-discovery (resúmenes, clasificación temática, red flags)?",Multiple Choice (escala Likert A–E],"[""A) Nunca"",""B) Rara vez (≤ 1/mes)"",""C) Ocasional (2–3/mes)"",""D) Frecuente (semanal)"",""E) Muy frecuente (diaria)""]",MX/LATAM,8.333333,"{""A"":0,""B"":25,""C"":50,""D"":75,""E"":100}","{""A"":0,""B"":25,""C"":50,""D"":75,""E"":100}",2025-08-23 01:46:31.086623+00
59,A5,Cuestionario,Adopción,6,5,"¿Con qué frecuencia integra Gen-AI en gestión de conocimiento (cláusulas estándar, playbooks, búsqueda semántica/RAG en repos internos)?",Multiple Choice (escala Likert A–E),"[""A) Nunca"",""B) Rara vez (≤ 1/mes)"",""C) Ocasional (2–3/mes)"",""D) Frecuente (semanal)"",""E) Muy frecuente (diaria)""]",MX/LATAM,8.333333,"{""A"":0,""B"":25,""C"":50,""D"":75,""E"":100}","{""A"":0,""B"":25,""C"":50,""D"":75,""E"":100}",2025-08-23 01:46:31.086623+00
60,A6,Cuestionario,Adopción,6,5,"¿Con qué frecuencia aplica controles de confidencialidad/privilegio (entornos aprobados, acuerdos de tratamiento de datos, verificación de citas y audit trail)?",Multiple Choice (escala Likert A–E),"[""A) Nunca"",""B) Rara vez (≤ 1/mes)"",""C) Ocasional (2–3/mes)"",""D) Frecuente (semanal)"",""E) Muy frecuente (diaria)""]",MX/LATAM,8.333333,"{""A"":0,""B"":25,""C"":50,""D"":75,""E"":100}","{""A"":0,""B"":25,""C"":50,""D"":75,""E"":100}",2025-08-23 01:46:31.086623+00
61,C1,Cuestionario,Conocimiento,6,5,Riesgo típico al usar Gen-AI en escritos jurídicos,Multiple Choice (una respuesta),"[""A) Citas o precedentes inventados/incorrectos que requieren verificación manual"",""B) Tamaño de fuente"",""C) Márgenes"",""D) Color del membrete""]",MX/LATAM,8.333333,,"{""Correcta"":100,""Incorrecta"":0}",2025-08-23 01:46:31.086623+00
62,C2,Cuestionario,Conocimiento,6,5,Práctica adecuada antes de presentar documento generado con IA,Multiple Choice (una respuesta),"[""A) Confiar ciegamente"",""B) Verificar cada cita/precedente (Shepardize/KeyCite o equivalentes), fact-checking y revisión por abogado responsable"",""C) Cambiar el formato"",""D) Aumentar temperatura""]",MX/LATAM,8.333333,,"{""Correcta"":100,""Incorrecta"":0}",2025-08-23 01:46:31.086623+00
63,C3,Cuestionario,Conocimiento,6,5,"Para proteger privilegio abogado-cliente y PII/PI, lo correcto es…",Multiple Choice (una respuesta),"[""A) Subir expedientes a chatbots públicos"",""B) Usar entornos aprobados/privados, minimizar/anonimizar y acuerdos de procesamiento de datos con proveedores"",""C) Enviar por mensajería personal"",""D) Compartir con terceros sin NDA""]",MX/LATAM,8.333333,,"{""Correcta"":100,""Incorrecta"":0}",2025-08-23 01:46:31.086623+00
64,C4,Cuestionario,Conocimiento,6,5,"Al usar Gen-AI en contratos o templates, ¿qué revisar?",Multiple Choice (una respuesta),"[""A) Nada; todo es libre"",""B) Términos de uso/licencias, derechos sobre outputs, restricciones de entrenamiento/uso comercial y confidencialidad"",""C) Solo tipografía"",""D) Color corporativo""]",MX/LATAM,8.333333,,"{""Correcta"":100,""Incorrecta"":0}",2025-08-23 01:46:31.086623+00
65,C5,Cuestionario,Conocimiento,6,5,"En casos de alto riesgo (laboral, crédito, salud, sector público)",Multiple Choice (una respuesta),"[""A) Delegar a la IA"",""B) Supervisión humana documentada, evaluación de impacto, explicabilidad y criterios de liberación"",""C) Omitir avisos"",""D) Publicar sin revisión""]",MX/LATAM,8.333333,,"{""Correcta"":100,""Incorrecta"":0}",2025-08-23 01:46:31.086623+00
66,C6,Cuestionario,Conocimiento,6,5,Elemento clave de gobernanza de Gen-AI en legal,Multiple Choice (una respuesta),"[""A) No registrar prompts"",""B) Registro de prompts/outputs, control de versiones, responsables y audit trail para revisiones"",""C) Solo métricas de likes"",""D) Desactivar logs""]",MX/LATAM,8.333333,,"{""Correcta"":100,""Incorrecta"":0}",2025-08-23 01:46:31.086623+00
67,A1,Cuestionario,Adopción,7,6,¿Con qué frecuencia usa Gen-AI para resumir estados financieros/earnings y elaborar management commentary con revisión humana?,Multiple Choice (escala Likert A–E),"[""A) Nunca"",""B) Rara vez (≤ 1/mes)"",""C) Ocasional (2–3/mes)"",""D) Frecuente (semanal)"",""E) Muy frecuente (diaria)""]",MX/LATAM,8.333333,"{""A"":0,""B"":25,""C"":50,""D"":75,""E"":100}","{""A"":0,""B"":25,""C"":50,""D"":75,""E"":100}",2025-08-23 01:46:31.086623+00
68,A2,Cuestionario,Adopción,7,6,"¿Con qué frecuencia utiliza Gen-AI en análisis de variaciones (presupuesto vs. real, bridge de ingresos/márgenes) y explicación de drivers?",Multiple Choice (escala Likert A–E),"[""A) Nunca"",""B) Rara vez (≤ 1/mes)"",""C) Ocasional (2–3/mes)"",""D) Frecuente (semanal)"",""E) Muy frecuente (diaria)""]",MX/LATAM,8.333333,"{""A"":0,""B"":25,""C"":50,""D"":75,""E"":100}","{""A"":0,""B"":25,""C"":50,""D"":75,""E"":100}",2025-08-23 01:46:31.086623+00
69,A3,Cuestionario,Adopción,7,6,"¿Con qué frecuencia emplea Gen-AI para acelerar el cierre (checklists, pólizas tipo, conciliaciones explicadas, cartas de soporte)?",Multiple Choice (escala Likert A–E),"[""A) Nunca"",""B) Rara vez (≤ 1/mes)"",""C) Ocasional (2–3/mes)"",""D) Frecuente (semanal)"",""E) Muy frecuente (diaria)""]",MX/LATAM,8.333333,"{""A"":0,""B"":25,""C"":50,""D"":75,""E"":100}","{""A"":0,""B"":25,""C"":50,""D"":75,""E"":100}",2025-08-23 01:46:31.086623+00
70,A4,Cuestionario,Adopción,7,6,"¿Con qué frecuencia usa Gen-AI en FP&A y planeación (escenarios, narrativas de forecast, supuestos documentados)?",Multiple Choice (escala Likert A–E),"[""A) Nunca"",""B) Rara vez (≤ 1/mes)"",""C) Ocasional (2–3/mes)"",""D) Frecuente (semanal)"",""E) Muy frecuente (diaria)""]",MX/LATAM,8.333333,"{""A"":0,""B"":25,""C"":50,""D"":75,""E"":100}","{""A"":0,""B"":25,""C"":50,""D"":75,""E"":100}",2025-08-23 01:46:31.086623+00
71,A5,Cuestionario,Adopción,7,6,"¿Con qué frecuencia aplica Gen-AI en IR/comunicaciones (Q&A de inversionistas, decks de resultados, earnings scripts)?",Multiple Choice (escala Likert A–E),"[""A) Nunca"",""B) Rara vez (≤ 1/mes)"",""C) Ocasional (2–3/mes)"",""D) Frecuente (semanal)"",""E) Muy frecuente (diaria)""]",MX/LATAM,8.333333,"{""A"":0,""B"":25,""C"":50,""D"":75,""E"":100}","{""A"":0,""B"":25,""C"":50,""D"":75,""E"":100}",2025-08-23 01:46:31.086623+00
72,A6,Cuestionario,Adopción,7,6,"¿Con qué frecuencia implementa controles específicos (manejo de MNPI, segregación de funciones, revisión/aprobación, audit trail y registros de prompts/outputs) al usar Gen-AI?",Multiple Choice (escala Likert A–E),"[""A) Nunca"",""B) Rara vez (≤ 1/mes)"",""C) Ocasional (2–3/mes)"",""D) Frecuente (semanal)"",""E) Muy frecuente (diaria)""]",MX/LATAM,8.333333,"{""A"":0,""B"":25,""C"":50,""D"":75,""E"":100}","{""A"":0,""B"":25,""C"":50,""D"":75,""E"":100}",2025-08-23 01:46:31.086623+00
73,C1,Cuestionario,Conocimiento,7,6,"Al trabajar con información material no pública (MNPI), práctica adecuada",Multiple Choice (una respuesta),"[""A) Cargar MNPI en servicios públicos"",""B) Usar entornos aprobados/privados, minimizar/anonimizar, controles de acceso y DPA"",""C) Compartir por mensajería personal"",""D) Enviar por correo sin cifrado""]",MX/LATAM,8.333333,,"{""Correcta"":100,""Incorrecta"":0}",2025-08-23 01:46:31.086623+00
74,C2,Cuestionario,Conocimiento,7,6,Qué valida mejor el impacto de Gen-AI en Finanzas,Multiple Choice (una respuesta),"[""A) Nº de prompts"",""B) Experimentos A/B con línea base: tiempo de cierre, errores, retrabajo, productividad; y métricas de negocio (ahorros/ingresos)"",""C) Likes en el deck"",""D) Nº de modelos""]",MX/LATAM,8.333333,,"{""Correcta"":100,""Incorrecta"":0}",2025-08-23 01:46:31.086623+00
75,C3,Cuestionario,Conocimiento,7,6,Uso en crédito/precios/selección (alto impacto) – lo correcto es…,Multiple Choice (una respuesta),"[""A) Delegar a la IA"",""B) Supervisión humana documentada, evaluación de impacto/model risk, explicabilidad y criterios de liberación"",""C) Ocultar el uso de IA"",""D) Solo NDA con proveedor""]",MX/LATAM,8.333333,,"{""Correcta"":100,""Incorrecta"":0}",2025-08-23 01:46:31.086623+00
76,C4,Cuestionario,Conocimiento,7,6,Cláusulas críticas al contratar Gen-AI en finanzas,Multiple Choice (una respuesta),"[""A) Paleta de colores"",""B) Seguridad y ubicación/transferencia de datos, confidencialidad, derechos sobre outputs, límites de entrenamiento, SLAs y notificación de incidentes"",""C) Foto del equipo"",""D) Precio fijo sin más""]",MX/LATAM,8.333333,,"{""Correcta"":100,""Incorrecta"":0}",2025-08-23 01:46:31.086623+00
77,C5,Cuestionario,Conocimiento,7,6,Control que ayuda a asegurar exactitud numérica,Multiple Choice (una respuesta),"[""A) Confiar ciegamente"",""B) Conciliar contra sistemas origen (ERP/GL), referencias y documentación de fuentes/fechas"",""C) Redondear a 2 decimales"",""D) Aumentar temperatura""]",MX/LATAM,8.333333,,"{""Correcta"":100,""Incorrecta"":0}",2025-08-23 01:46:31.086623+00
78,C6,Cuestionario,Conocimiento,7,6,Transferir datos financieros a nubes externas en LATAM – recomendable,Multiple Choice (una respuesta),"[""A) Reutilizar datos libremente"",""B) Base legal/consentimiento, minimización, evaluaciones de transferencia internacional y DPA; considerar localización cuando aplique"",""C) Subir todo sin controles"",""D) Enviar a correos personales""]",MX/LATAM,8.333333,,"{""Correcta"":100,""Incorrecta"":0}",2025-08-23 01:46:31.086623+00
79,A1,Cuestionario,Adopción,8,7,"¿Con qué frecuencia usa Gen-AI para atención ciudadana (chatbots/FAQ, redacción de respuestas, orientación en trámites) con revisión humana?",Multiple Choice (escala Likert A–E),"[""A) Nunca"",""B) Rara vez (≤ 1/mes)"",""C) Ocasional (2–3/mes)"",""D) Frecuente (semanal)"",""E) Muy frecuente (diaria)""]",MX/LATAM,8.333333,"{""A"":0,""B"":25,""C"":50,""D"":75,""E"":100}","{""A"":0,""B"":25,""C"":50,""D"":75,""E"":100}",2025-08-23 01:46:31.086623+00
80,A2,Cuestionario,Adopción,8,7,"¿Con qué frecuencia usa Gen-AI para síntesis de normativa/política pública (resúmenes de leyes, reglamentos, comparativos internacionales)?",Multiple Choice (escala Likert A–E),"[""A) Nunca"",""B) Rara vez (≤ 1/mes)"",""C) Ocasional (2–3/mes)"",""D) Frecuente (semanal)"",""E) Muy frecuente (diaria)""]",MX/LATAM,8.333333,"{""A"":0,""B"":25,""C"":50,""D"":75,""E"":100}","{""A"":0,""B"":25,""C"":50,""D"":75,""E"":100}",2025-08-23 01:46:31.086623+00
81,A3,Cuestionario,Adopción,8,7,"¿Con qué frecuencia aplica Gen-AI para gestión documental (clasificación, metadatos, resúmenes de expedientes) y acceso a la información (búsqueda semántica)?",Multiple Choice (escala Likert A–E),"[""A) Nunca"",""B) Rara vez (≤ 1/mes)"",""C) Ocasional (2–3/mes)"",""D) Frecuente (semanal)"",""E) Muy frecuente (diaria)""]",MX/LATAM,8.333333,"{""A"":0,""B"":25,""C"":50,""D"":75,""E"":100}","{""A"":0,""B"":25,""C"":50,""D"":75,""E"":100}",2025-08-23 01:46:31.086623+00
82,A4,Cuestionario,Adopción,8,7,"¿Con qué frecuencia integra Gen-AI en analítica de participación ciudadana (temas emergentes, sentimiento, priorización de problemas)?",Multiple Choice (escala Likert A–E),"[""A) Nunca"",""B) Rara vez (≤ 1/mes)"",""C) Ocasional (2–3/mes)"",""D) Frecuente (semanal)"",""E) Muy frecuente (diaria)""]",MX/LATAM,8.333333,"{""A"":0,""B"":25,""C"":50,""D"":75,""E"":100}","{""A"":0,""B"":25,""C"":50,""D"":75,""E"":100}",2025-08-23 01:46:31.086623+00
83,A5,Cuestionario,Adopción,8,7,"¿Con qué frecuencia implementa gobernanza y salvaguardas (políticas de uso, guardrails, evaluación de impacto, registro de prompts/outputs)?",Multiple Choice (escala Likert A–E),"[""A) Nunca"",""B) Rara vez (≤ 1/mes)"",""C) Ocasional (2–3/mes)"",""D) Frecuente (semanal)"",""E) Muy frecuente (diaria)""]",MX/LATAM,8.333333,"{""A"":0,""B"":25,""C"":50,""D"":75,""E"":100}","{""A"":0,""B"":25,""C"":50,""D"":75,""E"":100}",2025-08-23 01:46:31.086623+00
84,A6,Cuestionario,Adopción,8,7,"¿Con qué frecuencia considera datos personales y transferencias internacionales (minimización, anonimización, contratos de encargo) al usar Gen-AI?",Multiple Choice (escala Likert A–E),"[""A) Nunca"",""B) Rara vez (≤ 1/mes)"",""C) Ocasional (2–3/mes)"",""D) Frecuente (semanal)"",""E) Muy frecuente (diaria)""]",MX/LATAM,8.333333,"{""A"":0,""B"":25,""C"":50,""D"":75,""E"":100}","{""A"":0,""B"":25,""C"":50,""D"":75,""E"":100}",2025-08-23 01:46:31.086623+00
85,C1,Cuestionario,Conocimiento,8,7,"Para servicios al público con Gen-AI, práctica que mejora la confianza",Multiple Choice (una respuesta),"[""A) Ocultar el uso de IA"",""B) Señalizar uso de IA cuando aplique, documentar propósito/limitaciones y permitir revisión humana"",""C) Desactivar registros"",""D) Solo cambiar el logo""]",MX/LATAM,8.333333,,"{""Correcta"":100,""Incorrecta"":0}",2025-08-23 01:46:31.086623+00
86,C2,Cuestionario,Conocimiento,8,7,"Casos de alto impacto (beneficios sociales, empleo público, sanciones) – lo correcto es…",Multiple Choice (una respuesta),"[""A) Automatizar totalmente"",""B) Supervisión humana documentada, evaluación de impacto, criterios de liberación y vías de reclamación"",""C) Omitir notificaciones"",""D) Terceros sin contrato""]",MX/LATAM,8.333333,,"{""Correcta"":100,""Incorrecta"":0}",2025-08-23 01:46:31.086623+00
87,C3,Cuestionario,Conocimiento,8,7,"Con PII/PHI en gobierno, práctica adecuada",Multiple Choice (una respuesta),"[""A) Subir expedientes completos a servicios públicos"",""B) Minimización/anonimización, entornos aprobados, cláusulas de tratamiento/transferencia y controles de acceso"",""C) Compartir por mensajería personal"",""D) Reutilizar sin base legal""]",MX/LATAM,8.333333,,"{""Correcta"":100,""Incorrecta"":0}",2025-08-23 01:46:31.086623+00
88,C4,Cuestionario,Conocimiento,8,7,Compras públicas – cláusulas críticas en contratación de Gen-AI,Multiple Choice (una respuesta),"[""A) Colores del portal"",""B) Seguridad y ubicación/transferencia de datos, confidencialidad, derechos sobre outputs, límites de entrenamiento, SLAs, auditoría y notificación de incidentes"",""C) Foto del proveedor"",""D) Precio sin métricas""]",MX/LATAM,8.333333,,"{""Correcta"":100,""Incorrecta"":0}",2025-08-23 01:46:31.086623+00
89,C5,Cuestionario,Conocimiento,8,7,Riesgo típico al publicar respuestas automáticas,Multiple Choice (una respuesta),"[""A) Mejor ortografía"",""B) Afirmaciones erróneas plausibles; requiere revisión/fact-checking y guardrails"",""C) Bajas de ancho de banda"",""D) Temas de tipografía""]",MX/LATAM,8.333333,,"{""Correcta"":100,""Incorrecta"":0}",2025-08-23 01:46:31.086623+00
90,C6,Cuestionario,Conocimiento,8,7,Audiencias diversas – mejor práctica de accesibilidad/lenguaje,Multiple Choice (una respuesta),"[""A) Un solo registro formal"",""B) Guías de estilo multirregional, lectura fácil y adaptación cultural; revisión humana antes de publicar"",""C) Traducir literal"",""D) Solo jerga técnica""]",MX/LATAM,8.333333,,"{""Correcta"":100,""Incorrecta"":0}",2025-08-23 01:46:31.086623+00
91,A1,Cuestionario,Adopción,9,8,"¿Con qué frecuencia usa Gen-AI para revisión/síntesis de literatura (resúmenes de artículos, state-of-the-art, mapas de temas) con verificación posterior?",Multiple Choice (escala Likert A–E),"[""A) Nunca"",""B) Rara vez (≤ 1/mes)"",""C) Ocasional (2–3/mes)"",""D) Frecuente (semanal)"",""E) Muy frecuente (diaria)""]",MX/LATAM,8.333333,"{""A"":0,""B"":25,""C"":50,""D"":75,""E"":100}","{""A"":0,""B"":25,""C"":50,""D"":75,""E"":100}",2025-08-23 01:46:31.086623+00
92,A2,Cuestionario,Adopción,9,8,"¿Con qué frecuencia usa Gen-AI para redacción de secciones (introducción, métodos, discusión) o edición multilingüe (ES↔EN) con declaración de uso de IA?",Multiple Choice (escala Likert A–E),"[""A) Nunca"",""B) Rara vez (≤ 1/mes)"",""C) Ocasional (2–3/mes)"",""D) Frecuente (semanal)"",""E) Muy frecuente (diaria)""]",MX/LATAM,8.333333,"{""A"":0,""B"":25,""C"":50,""D"":75,""E"":100}","{""A"":0,""B"":25,""C"":50,""D"":75,""E"":100}",2025-08-23 01:46:31.086623+00
93,A3,Cuestionario,Adopción,9,8,"¿Con qué frecuencia emplea Gen-AI para apoyo en análisis (snippets de código, pseudocódigo, plantillas de notebooks) con pruebas y revisión humana?",Multiple Choice (escala Likert A–E),"[""A) Nunca"",""B) Rara vez (≤ 1/mes)"",""C) Ocasional (2–3/mes)"",""D) Frecuente (semanal)"",""E) Muy frecuente (diaria)""]",MX/LATAM,8.333333,"{""A"":0,""B"":25,""C"":50,""D"":75,""E"":100}","{""A"":0,""B"":25,""C"":50,""D"":75,""E"":100}",2025-08-23 01:46:31.086623+00
94,A4,Cuestionario,Adopción,9,8,"¿Con qué frecuencia utiliza Gen-AI para gestión de proyectos (resúmenes de avances, minutas de grupo, planes de trabajo, grant writing con controles de originalidad)?",Multiple Choice (escala Likert A–E),"[""A) Nunca"",""B) Rara vez (≤ 1/mes)"",""C) Ocasional (2–3/mes)"",""D) Frecuente (semanal)"",""E) Muy frecuente (diaria)""]",MX/LATAM,8.333333,"{""A"":0,""B"":25,""C"":50,""D"":75,""E"":100}","{""A"":0,""B"":25,""C"":50,""D"":75,""E"":100}",2025-08-23 01:46:31.086623+00
95,A5,Cuestionario,Adopción,9,8,"¿Con qué frecuencia integra Gen-AI en divulgación (resúmenes para público general, infografías, guiones de video) adaptados a español regional?",Multiple Choice (escala Likert A–E),"[""A) Nunca"",""B) Rara vez (≤ 1/mes)"",""C) Ocasional (2–3/mes)"",""D) Frecuente (semanal)"",""E) Muy frecuente (diaria)""]",MX/LATAM,8.333333,"{""A"":0,""B"":25,""C"":50,""D"":75,""E"":100}","{""A"":0,""B"":25,""C"":50,""D"":75,""E"":100}",2025-08-23 01:46:31.086623+00
96,A6,Cuestionario,Adopción,9,8,"¿Con qué frecuencia aplica buenas prácticas (registro de prompts/outputs, verificación de citas, detección de plagio, políticas de co-autoría/uso de IA de la institución/revista)?",Multiple Choice (escala Likert A–E),"[""A) Nunca"",""B) Rara vez (≤ 1/mes)"",""C) Ocasional (2–3/mes)"",""D) Frecuente (semanal)"",""E) Muy frecuente (diaria)""]",MX/LATAM,8.333333,"{""A"":0,""B"":25,""C"":50,""D"":75,""E"":100}","{""A"":0,""B"":25,""C"":50,""D"":75,""E"":100}",2025-08-23 01:46:31.086623+00
97,C1,Cuestionario,Conocimiento,9,8,Riesgo típico al usar Gen-AI para literatura,Multiple Choice (una respuesta),"[""A) Referencias fabricadas o mal citadas; requiere verificación en bases primarias"",""B) Tamaño de hoja"",""C) Formato APA por sí mismo lo evita"",""D) Traducir garantiza exactitud""]",MX/LATAM,8.333333,,"{""Correcta"":100,""Incorrecta"":0}",2025-08-23 01:46:31.086623+00
98,C2,Cuestionario,Conocimiento,9,8,Política madura sobre autoría y uso de IA,Multiple Choice (una respuesta),"[""A) Incluir a la IA como coautora"",""B) Declarar el uso de IA, mantener autoría y responsabilidad humanas; describir exactamente qué se generó y cómo se verificó"",""C) No declarar"",""D) Delegar revisión a la IA""]",MX/LATAM,8.333333,,"{""Correcta"":100,""Incorrecta"":0}",2025-08-23 01:46:31.086623+00
99,C3,Cuestionario,Conocimiento,9,8,Práctica que mejora reproducibilidad con Gen-AI,Multiple Choice (una respuesta),"[""A) No guardar nada"",""B) Registrar prompts, versión del modelo, seeds, datos y environment; controlar cambios"",""C) Capturas de pantalla sueltas"",""D) Texto final sin materiales""]",MX/LATAM,8.333333,,"{""Correcta"":100,""Incorrecta"":0}",2025-08-23 01:46:31.086623+00
100,C4,Cuestionario,Conocimiento,9,8,"En proyectos con sujetos humanos/datos sensibles, lo correcto es…",Multiple Choice (una respuesta),"[""A) Subir datos crudos a chatbots públicos"",""B) Aprobación de comité de ética, minimización/anonimización, entornos aprobados y consentimiento informado acorde al uso"",""C) Omitir consentimiento"",""D) Publicar identificadores""]",MX/LATAM,8.333333,,"{""Correcta"":100,""Incorrecta"":0}",2025-08-23 01:46:31.086623+00
101,C5,Cuestionario,Conocimiento,9,8,Apoyo en revisión por pares – práctica adecuada,Multiple Choice (una respuesta),"[""A) Pegar el manuscrito en un servicio abierto"",""B) No compartir contenido confidencial; si se usa IA, hacerlo en entornos permitidos y declararlo al editor según política"",""C) Publicarlo en redes"",""D) No leer el artículo""]",MX/LATAM,8.333333,,"{""Correcta"":100,""Incorrecta"":0}",2025-08-23 01:46:31.086623+00
102,C6,Cuestionario,Conocimiento,9,8,Para asegurar validez en LATAM,Multiple Choice (una respuesta),"[""A) Extrapolar de cualquier población"",""B) Evaluar desempeño en idioma/población local, reportar límites y adaptar métodos"",""C) Traducir y publicar"",""D) Aumentar temperatura""]",MX/LATAM,8.333333,,"{""Correcta"":100,""Incorrecta"":0}",2025-08-23 01:46:31.086623+00
103,A1,Cuestionario,Adopción,10,9,"¿Con qué frecuencia usa Gen-AI para planeación (objetivos, secuencias didácticas, rúbricas) alineada al currículo local?",Multiple Choice (escala Likert A–E),"[""A) Nunca"",""B) Rara vez (≤ 1/mes)"",""C) Ocasional (2–3/mes)"",""D) Frecuente (semanal)"",""E) Muy frecuente (diaria)""]",MX/LATAM,8.333333,"{""A"":0,""B"":25,""C"":50,""D"":75,""E"":100}","{""A"":0,""B"":25,""C"":50,""D"":75,""E"":100}",2025-08-23 01:46:31.086623+00
104,A2,Cuestionario,Adopción,10,9,"¿Con qué frecuencia genera con Gen-AI materiales (lecturas, ejercicios, exámenes, guías) y luego los valida antes de usarlos?",Multiple Choice (escala Likert A–E),"[""A) Nunca"",""B) Rara vez (≤ 1/mes)"",""C) Ocasional (2–3/mes)"",""D) Frecuente (semanal)"",""E) Muy frecuente (diaria)""]",MX/LATAM,8.333333,"{""A"":0,""B"":25,""C"":50,""D"":75,""E"":100}","{""A"":0,""B"":25,""C"":50,""D"":75,""E"":100}",2025-08-23 01:46:31.086623+00
105,A3,Cuestionario,Adopción,10,9,"¿Con qué frecuencia utiliza Gen-AI para diferenciación y adaptaciones (niveles de lectura, ejemplos locales, versiones inclusivas/accesibles)?",Multiple Choice (escala Likert A–E),"[""A) Nunca"",""B) Rara vez (≤ 1/mes)"",""C) Ocasional (2–3/mes)"",""D) Frecuente (semanal)"",""E) Muy frecuente (diaria)""]",MX/LATAM,8.333333,"{""A"":0,""B"":25,""C"":50,""D"":75,""E"":100}","{""A"":0,""B"":25,""C"":50,""D"":75,""E"":100}",2025-08-23 01:46:31.086623+00
106,A4,Cuestionario,Adopción,10,9,"¿Con qué frecuencia apoya con Gen-AI la retroalimentación personalizada (comentarios sobre tareas, sugerencias de mejora) con revisión docente?",Multiple Choice (escala Likert A–E),"[""A) Nunca"",""B) Rara vez (≤ 1/mes)"",""C) Ocasional (2–3/mes)"",""D) Frecuente (semanal)"",""E) Muy frecuente (diaria)""]",MX/LATAM,8.333333,"{""A"":0,""B"":25,""C"":50,""D"":75,""E"":100}","{""A"":0,""B"":25,""C"":50,""D"":75,""E"":100}",2025-08-23 01:46:31.086623+00
107,A5,Cuestionario,Adopción,10,9,"¿Con qué frecuencia emplea Gen-AI en evaluación (bancos de ítems, rúbricas, comentarios automáticos) con controles de plagio y answer-key revisado?",Multiple Choice (escala Likert A–E),"[""A) Nunca"",""B) Rara vez (≤ 1/mes)"",""C) Ocasional (2–3/mes)"",""D) Frecuente (semanal)"",""E) Muy frecuente (diaria)""]",MX/LATAM,8.333333,"{""A"":0,""B"":25,""C"":50,""D"":75,""E"":100}","{""A"":0,""B"":25,""C"":50,""D"":75,""E"":100}",2025-08-23 01:46:31.086623+00
108,A6,Cuestionario,Adopción,10,9,"¿Con qué frecuencia aplica políticas y salvaguardas (no subir PII/menores, declaración de uso, guardrails de sesgo/errores, registro de prompts/outputs)?",Multiple Choice (escala Likert A–E),"[""A) Nunca"",""B) Rara vez (≤ 1/mes)"",""C) Ocasional (2–3/mes)"",""D) Frecuente (semanal)"",""E) Muy frecuente (diaria)""]",MX/LATAM,8.333333,"{""A"":0,""B"":25,""C"":50,""D"":75,""E"":100}","{""A"":0,""B"":25,""C"":50,""D"":75,""E"":100}",2025-08-23 01:46:31.086623+00
109,C1,Cuestionario,Conocimiento,10,9,Práctica que mejora la calidad de salidas educativas (prompting),Multiple Choice (una respuesta),"[""A) Pedir \""hazlo mejor\"""",""B) Prompt con rol, objetivo, criterios de evaluación, ejemplos y formato de salida"",""C) Subir tareas de alumnos"",""D) Aumentar temperatura""]",MX/LATAM,8.333333,,"{""Correcta"":100,""Incorrecta"":0}",2025-08-23 01:46:31.086623+00
110,C2,Cuestionario,Conocimiento,10,9,Política adecuada sobre uso de Gen-AI por estudiantes,Multiple Choice (una respuesta),"[""A) Prohibir sin explicación"",""B) Permitir con reglas claras: declaración de uso, límites por actividad, verificación y consecuencias"",""C) Dejar a criterio del grupo"",""D) Obligar a usarlo siempre""]",MX/LATAM,8.333333,,"{""Correcta"":100,""Incorrecta"":0}",2025-08-23 01:46:31.086623+00
111,C3,Cuestionario,Conocimiento,10,9,"Con datos de estudiantes (incluidos menores) en MX/LATAM, lo correcto es…",Multiple Choice (una respuesta),"[""A) Subir listas con PII a servicios públicos"",""B) Minimizar/anonimizar, usar herramientas aprobadas por la institución y evitar PII en servicios abiertos"",""C) Compartir por chats personales"",""D) Publicar calificaciones con nombre""]",MX/LATAM,8.333333,,"{""Correcta"":100,""Incorrecta"":0}",2025-08-23 01:46:31.086623+00
112,C4,Cuestionario,Conocimiento,10,9,Riesgo típico al crear materiales con Gen-AI,Multiple Choice (una respuesta),"[""A) Más creatividad"",""B) Afirmaciones/ejemplos erróneos plausibles; requiere fact-checking y referencias"",""C) Falta de emojis"",""D) PDF pesado""]",MX/LATAM,8.333333,,"{""Correcta"":100,""Incorrecta"":0}",2025-08-23 01:46:31.086623+00
113,C5,Cuestionario,Conocimiento,10,9,"Para accesibilidad (UDL) y diversidad lingüística regional, ¿qué es mejor?",Multiple Choice (una respuesta),"[""A) Un solo registro formal"",""B) Generar múltiples niveles/formatos (lectura fácil, audio, español regional) y revisión docente"",""C) Traducir literal"",""D) Solo jerga técnica""]",MX/LATAM,8.333333,,"{""Correcta"":100,""Incorrecta"":0}",2025-08-23 01:46:31.086623+00
114,C6,Cuestionario,Conocimiento,10,9,"Al publicar materiales con Gen-AI, ¿qué revisar?",Multiple Choice (una respuesta),"[""A) Nada; todo es libre"",""B) Términos/licencias de herramienta y outputs, uso comercial, citación de fuentes y respeto a obras de terceros"",""C) Solo tipografía"",""D) Cambiar colores""]",MX/LATAM,8.333333,,"{""Correcta"":100,""Incorrecta"":0}",2025-08-23 01:46:31.086623+00
115,A1,Cuestionario,Adopción,11,10,"¿Con qué frecuencia usa Gen-AI para ideación (moodboards, concept art, style frames, storyboards) a partir de briefs de marca?",Multiple Choice (escala Likert A–E),"[""A) Nunca"",""B) Rara vez (≤ 1/mes)"",""C) Ocasional (2–3/mes)"",""D) Frecuente (semanal)"",""E) Muy frecuente (diaria)""]",MX/LATAM,8.333333,"{""A"":0,""B"":25,""C"":50,""D"":75,""E"":100}","{""A"":0,""B"":25,""C"":50,""D"":75,""E"":100}",2025-08-23 01:46:31.086623+00
116,A2,Cuestionario,Adopción,11,10,¿Con qué frecuencia genera activos (imagen/video/audio/3D) o variaciones para tests A/B con Gen-AI?,Multiple Choice (escala Likert A–E),"[""A) Nunca"",""B) Rara vez (≤ 1/mes)"",""C) Ocasional (2–3/mes)"",""D) Frecuente (semanal)"",""E) Muy frecuente (diaria)""]",MX/LATAM,8.333333,"{""A"":0,""B"":25,""C"":50,""D"":75,""E"":100}","{""A"":0,""B"":25,""C"":50,""D"":75,""E"":100}",2025-08-23 01:46:31.086623+00
117,A3,Cuestionario,Adopción,11,10,"¿Con qué frecuencia aplica Gen-AI para localización/transcreación al español regional (MX, AR, CO, CL, etc.) y adecuación cultural?",Multiple Choice (escala Likert A–E),"[""A) Nunca"",""B) Rara vez (≤ 1/mes)"",""C) Ocasional (2–3/mes)"",""D) Frecuente (semanal)"",""E) Muy frecuente (diaria)""]",MX/LATAM,8.333333,"{""A"":0,""B"":25,""C"":50,""D"":75,""E"":100}","{""A"":0,""B"":25,""C"":50,""D"":75,""E"":100}",2025-08-23 01:46:31.086623+00
118,A4,Cuestionario,Adopción,11,10,"¿Con qué frecuencia integra Gen-AI en su suite de trabajo (Adobe/Figma/Blender/DAW) con prompt libraries, versioning y asset management?",Multiple Choice (escala Likert A–E),"[""A) Nunca"",""B) Rara vez (≤ 1/mes)"",""C) Ocasional (2–3/mes)"",""D) Frecuente (semanal)"",""E) Muy frecuente (diaria)""]",MX/LATAM,8.333333,"{""A"":0,""B"":25,""C"":50,""D"":75,""E"":100}","{""A"":0,""B"":25,""C"":50,""D"":75,""E"":100}",2025-08-23 01:46:31.086623+00
119,A5,Cuestionario,Adopción,11,10,"¿Con qué frecuencia ejecuta controles de marca y seguridad (listas de exclusión, QA de claims, revisión de hallucinations, brand book aplicado) asistidos por Gen-AI?",Multiple Choice (escala Likert A–E),"[""A) Nunca"",""B) Rara vez (≤ 1/mes)"",""C) Ocasional (2–3/mes)"",""D) Frecuente (semanal)"",""E) Muy frecuente (diaria)""]",MX/LATAM,8.333333,"{""A"":0,""B"":25,""C"":50,""D"":75,""E"":100}","{""A"":0,""B"":25,""C"":50,""D"":75,""E"":100}",2025-08-23 01:46:31.086623+00
120,A6,Cuestionario,Adopción,11,10,"¿Con qué frecuencia aplica controles de IP/consentimiento/procedencia (revisión de licencias, model/output rights, releases, marcas/rostros, etiquetas de contenido sintético)?",Multiple Choice (escala Likert A–E),"[""A) Nunca"",""B) Rara vez (≤ 1/mes)"",""C) Ocasional (2–3/mes)"",""D) Frecuente (semanal)"",""E) Muy frecuente (diaria)""]",MX/LATAM,8.333333,"{""A"":0,""B"":25,""C"":50,""D"":75,""E"":100}","{""A"":0,""B"":25,""C"":50,""D"":75,""E"":100}",2025-08-23 01:46:31.086623+00
121,C1,Cuestionario,Conocimiento,11,10,¿Qué mejora la calidad/repetibilidad de salidas creativas?,Multiple Choice (una respuesta),"[""A) \""Hazlo cool\"""",""B) Brief estructurado: objetivo, audiencia, tono/brandbook, referencias, composición/aspect ratio, restricciones y negative prompts"",""C) Prompts al azar"",""D) Aumentar resolución""]",MX/LATAM,8.333333,,"{""Correcta"":100,""Incorrecta"":0}",2025-08-23 01:46:31.086623+00
122,C2,Cuestionario,Conocimiento,11,10,"Antes de usar un activo generado, ¿qué es crítico?",Multiple Choice (una respuesta),"[""A) Todo es libre por defecto"",""B) Revisar términos/licencias del modelo y derechos sobre outputs, uso comercial, restricciones sobre training data, y compatibilidad con la marca"",""C) Cambiar colores"",""D) Solo citar al modelo""]",MX/LATAM,8.333333,,"{""Correcta"":100,""Incorrecta"":0}",2025-08-23 01:46:31.086623+00
123,C3,Cuestionario,Conocimiento,11,10,"Para usar rostro/voz de una persona real, lo correcto es…",Multiple Choice (una respuesta),"[""A) Proceder sin permiso"",""B) Obtener consentimiento y/o releases aplicables; evitar usos engañosos y señalizar contenido sintético cuando corresponda"",""C) Editar sin avisar"",""D) Ocultar que es IA""]",MX/LATAM,8.333333,,"{""Correcta"":100,""Incorrecta"":0}",2025-08-23 01:46:31.086623+00
124,C4,Cuestionario,Conocimiento,11,10,"Con assets confidenciales de cliente, práctica adecuada",Multiple Choice (una respuesta),"[""A) Subirlos a servicios públicos"",""B) Minimizar/anonimizar; usar entornos aprobados/privados; NDAs y control de acceso; prohibir subir source files sensibles a servicios abiertos"",""C) Compartir por chats personales"",""D) Enviar a correos personales""]",MX/LATAM,8.333333,,"{""Correcta"":100,""Incorrecta"":0}",2025-08-23 01:46:31.086623+00
125,C5,Cuestionario,Conocimiento,11,10,"Para evitar estereotipos y asegurar pertinencia regional, ayuda más…",Multiple Choice (una respuesta),"[""A) Un solo \""español neutro\"""",""B) Prompts inclusivos con guías culturales locales, revisión humana y pruebas con audiencias meta"",""C) Traducir literal"",""D) Aumentar temperatura""]",MX/LATAM,8.333333,,"{""Correcta"":100,""Incorrecta"":0}",2025-08-23 01:46:31.086623+00
126,C6,Cuestionario,Conocimiento,11,10,¿Qué mejora reproducibilidad y auditoría creativa?,Multiple Choice (una respuesta),"[""A) No guardar nada"",""B) Registrar prompts, semillas, versión del modelo, parámetros, fuentes, derechos/licencias y etiquetas de procedencia cuando aplique"",""C) Solo exportar el JPG final"",""D) Cambiar nombre del archivo""]",MX/LATAM,8.333333,,"{""Correcta"":100,""Incorrecta"":0}",2025-08-23 01:46:31.086623+00